CFM ID,Fault Name,Region,Primary State/Province,Secondary State/Country,Dip (degrees),Dip Direction,Rake* (degrees),Slip sense,Fault level,NSHM sliprates (MedWgtd),QfaultsAgeCat,QfaultsAgeCat,LowDepth (km),UpDepth (km),Reference**,3D Model Constraints,NSHM ID #,Lineage***,Comments
1,Abert Rim,Backarc_OR,OR,,50,NW,-90,Normal,1,0.528378,latest Quaternary,"<15,000",15,0,US NSHM 2023,trace extended at constant dip,2503,unmodified,
2,Almanor,ForearcIntraarc_CA,CA,,90,E,-135,Normal and Dextral,1,2.1876,undifferentiated Quaternary,<1.6 million,10,0,US NSHM 2023,trace extended at constant dip,2,unmodified,
3,Alvin Canyon,AccretionaryWedge_OR,OR,,90,vertical,0,Sinistral,1,5.487217,latest Quaternary,"<15,000",15,0,US NSHM 2023,trace extended at constant dip,2504,unmodified,
4,Arlington-Shutler Butte,Backarc_WA,OR,WA,90,vertical,180,Dextral,1,0.1012,undifferentiated Quaternary,<1.6 million,15,0,US NSHM 2023,trace extended at constant dip,2555,unmodified,
5,Battle Creek,ForearcIntraarc_CA,CA,,74,S,90,Reverse,1,0.213896,late Quaternary,"<130,000",19.7,0,US NSHM 2023,trace extended at constant dip,9,unmodified,
6,Battle Rock,ForearcIntraarc_OR,OR,,50,NE,-90,Normal,1,0.110572,undifferentiated Quaternary,<1.6 million,15,0,US NSHM 2023,trace extended at constant dip,2505,unmodified,
7,Bear Creek,ForearcIntraarc_CA,CA,,60,N,90,Reverse,1,0.46489,null,null,15,0,US NSHM 2023,trace extended at constant dip,311,unmodified,
8,Bear River,AccretionaryWedge_CA_MendocinoTripleJunction,CA,,60,N,90,Reverse,1,0.117869,undifferentiated Quaternary,<1.6 million,10,0,US NSHM 2023,trace extended at constant dip,10,unmodified,
9,Beaver Creek,ForearcIntraarc_OR,OR,,50,S,-90,Normal,1,0.30242,late Quaternary,"<130,000",15,0,US NSHM 2023,trace extended at constant dip,2506,unmodified,
10,Beaverton,ForearcIntraarc_OR,OR,,60,S,90,Reverse,1,0.099691,middle and late Quaternary,"<750,000",15,0,US NSHM 2023,trace extended at constant dip,2556,unmodified,
11,Big Lagoon,AccretionaryWedge_CA_MendocinoTripleJunction,CA,,35,NE,90,Reverse,1,0.834585,late Quaternary,"<130,000",13,0,US NSHM 2023,trace extended at constant dip,13,unmodified,
12,"Big Valley (unnamed, proxy)",Backarc_CA,CA,,90,vertical,180,Dextral,1,0.451028,undifferentiated Quaternary,<1.6 million,15,0,US NSHM 2023,trace extended at constant dip,348,unmodified,
13,Birch Bay,ForearcIntraarc_WA,WA,,60,NE,90,Reverse,1,0.110508,latest Quaternary,"<15,000",15,0,US NSHM 2023,trace extended at constant dip,2827,unmodified,
14,Blue Ridge - Gate Creek,ForearcIntraarc_OR,OR,,50,W,-90,Normal,1,0.112727,null,null,15,0,US NSHM 2023,trace extended at constant dip,2557,unmodified,
15,Bolton,ForearcIntraarc_OR,OR,,60,E,90,Reverse,1,0.223626,undifferentiated Quaternary,<1.6 million,15,0,US NSHM 2023,trace extended at constant dip,2507,unmodified,
16,Boulder Creek (Kendall),ForearcIntraarc_WA,WA,,60,S,90,Reverse,1,0.252255,latest Quaternary,"<15,000",15,0,US NSHM 2023,trace extended at constant dip,2800,unmodified,
17,Canby,ForearcIntraarc_OR,OR,,80,E,180,Dextral,1,0.305186,late Quaternary,"<130,000",15,0,US NSHM 2023,trace extended at constant dip,2558,unmodified,
18,Canyon River,ForearcIntraarc_WA,WA,,60,S,90,Reverse,1,0.289895,latest Quaternary,"<15,000",15,0,US NSHM 2023,trace extended at constant dip,2828,unmodified,
19,Canyon River - Price Lake (northeast),ForearcIntraarc_WA,WA,,60,SE,90,Reverse,1,0.144733,latest Quaternary,"<15,000",15,0,US NSHM 2023,trace extended at constant dip,2829,unmodified,
20,Canyon River - Price Lake (southwest),ForearcIntraarc_WA,WA,,60,SE,90,Reverse,1,0.420722,latest Quaternary,"<15,000",15,0,US NSHM 2023,trace extended at constant dip,2830,unmodified,
21,Cape Blanco Anticline,AccretionaryWedge_OR,OR,,45,S,90,Reverse,1,0.854632,latest Quaternary,"<15,000",15,0,US NSHM 2023,trace extended at constant dip,2508,unmodified,
22,Cedar Mountain - Mahogany Mountain,ForearcIntraarc_CA,CA,OR,60,W,-90,Normal,1,0.617297,latest Quaternary,"<15,000",9.5,0,US NSHM 2023,trace extended at constant dip,31,unmodified,
23,Chemult Graben (east),ForearcIntraarc_OR,OR,,50,W,-90,Normal,1,0.090636,late Quaternary,"<130,000",15,0,US NSHM 2023,trace extended at constant dip,2509,unmodified,
24,Chemult Graben (west),ForearcIntraarc_OR,OR,,50,SE,-90,Normal,1,0.128569,late Quaternary,"<130,000",15,0,US NSHM 2023,trace extended at constant dip,2510,unmodified,
25,Chico Monocline,ForearcIntraarc_CA,CA,,60,NE,90,Reverse,1,0.134452,undifferentiated Quaternary,<1.6 million,15,0,US NSHM 2023,trace extended at constant dip,313,unmodified,
26,Coquille Anticline,AccretionaryWedge_OR,OR,,60,E,90,Reverse,1,0.3397,latest Quaternary,"<15,000",15,0,US NSHM 2023,trace extended at constant dip,2511,unmodified,
27,Corning,ForearcIntraarc_CA,CA,,75,W,90,Reverse,1,0.116472,undifferentiated Quaternary,<1.6 million,15,0,US NSHM 2023,trace extended at constant dip,315,unmodified,
28,Cottonwood Mountain (east),Backarc_OR,OR,,50,NE,-90,Normal,1,0.135659,latest Quaternary,"<15,000",15,0,US NSHM 2023,trace extended at constant dip,2512,unmodified,
29,Daisy Bank,AccretionaryWedge_OR,OR,,90,vertical,0,Sinistral,1,4.942873,latest Quaternary,"<15,000",15,0,US NSHM 2023,trace extended at constant dip,2513,unmodified,
30,Davis Creek,Backarc_CA,CA,,50,W,-90,Normal,1,0.479672,late Quaternary,"<130,000",8.5,0,US NSHM 2023,trace extended at constant dip,61,unmodified,
31,Devils Mountain,ForearcIntraarc_WA,WA,,60,N,90,Reverse,1,0.160328,late Quaternary,"<130,000",15,0,US NSHM 2023,trace extended at constant dip,2801,unmodified,
32,Drayton Harbor,ForearcIntraarc_WA,WA,,45,NE,90,Reverse,1,0.13154,latest Quaternary,"<15,000",15,0,US NSHM 2023,trace extended at constant dip,2831,unmodified,
33,East Grand Ronde Valley,Backarc_OR,OR,,50,W,-90,Normal,1,0.3416,latest Quaternary,"<15,000",15,0,US NSHM 2023,trace extended at constant dip,2560,unmodified,
34,East Pueblo Valley,Backarc_OR,OR,,50,W,-90,Normal,1,0.10239,late Quaternary,"<130,000",15,0,US NSHM 2023,trace extended at constant dip,2562,unmodified,
35,Eaton Roughs,AccretionaryWedge_CA_MendocinoTripleJunction,CA,,90,vertical,180,Dextral,1,2.19786,undifferentiated Quaternary,<1.6 million,15,0,US NSHM 2023,trace extended at constant dip,74,unmodified,
36,Entiat,Backarc_WA,WA,,60,SW,90,Reverse,1,0.085164,null,null,15,0,US NSHM 2023,trace extended at constant dip,2832,unmodified,
37,Fickle Hill,AccretionaryWedge_CA_MendocinoTripleJunction,CA,,35,NE,90,Reverse,1,0.618176,latest Quaternary,"<15,000",13,0,US NSHM 2023,trace extended at constant dip,80,unmodified,
38,Fitzhugh Creek,Backarc_CA,CA,,50,W,-90,Normal,1,0.04452,undifferentiated Quaternary,<1.6 million,8.5,0,US NSHM 2023,trace extended at constant dip,82,unmodified,
39,Frigid Creek,ForearcIntraarc_WA,WA,,50,SE,-90,Normal,1,0.114892,latest Quaternary,"<15,000",15,0,US NSHM 2023,trace extended at constant dip,2833,unmodified,
40,Gales Creek (Chehalem Valley),ForearcIntraarc_OR,OR,,90,vertical,180,Dextral,1,0.41016,undifferentiated Quaternary,<1.6 million,15,0,US NSHM 2023,trace extended at constant dip,2563,unmodified,
41,Gales Creek (Parsons Creek),ForearcIntraarc_OR,OR,,90,vertical,180,Dextral,1,0.059108,undifferentiated Quaternary,<1.6 million,15,0,US NSHM 2023,trace extended at constant dip,2514,unmodified,
42,Garberville - Briceland,AccretionaryWedge_CA_MendocinoTripleJunction,CA,,90,vertical,180,Dextral,1,2.43832,undifferentiated Quaternary,<1.6 million,24.8,0,US NSHM 2023,trace extended at constant dip,85,unmodified,
43,Gillem - Big Crack,ForearcIntraarc_CA,CA,,60,E,-90,Normal,1,0.344989,late Quaternary,"<130,000",9.7,0,US NSHM 2023,trace extended at constant dip,87,unmodified,
44,Goose Lake,Backarc_OR,OR,CA,58,W,-90,Normal,1,0.580608,late Quaternary,"<130,000",8.5,0,US NSHM 2023,trace extended at constant dip,2500,unmodified,
45,Grogan,AccretionaryWedge_CA_MendocinoTripleJunction,CA,,90,vertical,180,Dextral,1,0.70192,undifferentiated Quaternary,<1.6 million,15,0,US NSHM 2023,trace extended at constant dip,319,unmodified,
46,Happy Camp,ForearcIntraarc_OR,OR,,60,N,90,Reverse,1,0.077147,undifferentiated Quaternary,<1.6 million,15,0,US NSHM 2023,trace extended at constant dip,2516,unmodified,
47,Harney,Backarc_OR,OR,,50,W,-90,Normal,1,0.113465,middle and late Quaternary,"<750,000",15,0,US NSHM 2023,trace extended at constant dip,2564,unmodified,
48,Hat Creek,ForearcIntraarc_CA,CA,,60,W,-90,Normal,1,1.923439,latest Quaternary,"<15,000",9.6,0,US NSHM 2023,trace extended at constant dip,112,unmodified,
49,Honey Lake,Backarc_CA,CA,NV,90,vertical,180,Dextral,1,1.52865,latest Quaternary,"<15,000",9.7,0,US NSHM 2023,trace extended at constant dip,120,unmodified,
50,Hoppins Peak,Backarc_OR,NV,OR,50,SE,-90,Normal,1,0.142078,middle and late Quaternary,"<750,000",15,0,US NSHM 2023,trace extended at constant dip,1060,unmodified,
51,Horse Heaven Hills,Backarc_WA,WA,,60,S,90,Reverse,1,0.075968,undifferentiated Quaternary,<1.6 million,15,0,US NSHM 2023,trace extended at constant dip,2803,unmodified,
52,Horse Heaven Hills - Wallula,Backarc_WA,WA,,60,SW,90,Reverse,1,0.053088,undifferentiated Quaternary,<1.6 million,15,0,US NSHM 2023,trace extended at constant dip,2834,unmodified,
53,Inks Creek - Hooker Dome,ForearcIntraarc_CA,CA,,60,N,90,Reverse,1,0.278547,null,null,15,0,US NSHM 2023,trace extended at constant dip,321,unmodified,
54,Jess Valley,Backarc_CA,CA,,50,E,-90,Normal,1,0.042952,undifferentiated Quaternary,<1.6 million,12,0,US NSHM 2023,trace extended at constant dip,128,unmodified,
55,Juniper Mountain,Backarc_OR,OR,,50,N,-90,Normal,1,0.034492,latest Quaternary,"<15,000",15,0,US NSHM 2023,trace extended at constant dip,2518,unmodified,
56,Keddie Ridge,ForearcIntraarc_CA,CA,,90,vertical,-135,Normal and Dextral,1,0.076648,undifferentiated Quaternary,<1.6 million,10,0,US NSHM 2023,trace extended at constant dip,131,unmodified,
57,Kittitas Valley,Backarc_WA,WA,,60,N,90,Reverse,1,0.113219,undifferentiated Quaternary,<1.6 million,15,0,US NSHM 2023,trace extended at constant dip,2835,unmodified,
58,Klamath Graben (east),ForearcIntraarc_OR,OR,,50,SW,-90,Normal,1,0.467329,latest Quaternary,"<15,000",15,0,US NSHM 2023,trace extended at constant dip,2519,unmodified,
59,Klamath Graben (Klamath Lake),ForearcIntraarc_OR,OR,,60,NE,-90,Normal,1,0.303096,latest Quaternary,"<15,000",11,0,US NSHM 2023,trace extended at constant dip,2502,unmodified,
60,"Klamath Graben (west, center)",ForearcIntraarc_OR,OR,,50,E,-90,Normal,1,0.320918,late Quaternary,"<130,000",15,0,US NSHM 2023,trace extended at constant dip,2565,unmodified,
61,"Klamath Graben (west, north)",ForearcIntraarc_OR,OR,,50,E,-90,Normal,1,0.268502,late Quaternary,"<130,000",15,0,US NSHM 2023,trace extended at constant dip,2566,unmodified,
62,"Klamath Graben (west, south)",ForearcIntraarc_OR,OR,,50,E,-90,Normal,1,0.30244,late Quaternary,"<130,000",15,0,US NSHM 2023,trace extended at constant dip,2520,unmodified,
63,La Pine Graben,ForearcIntraarc_OR,OR,,50,NW,-90,Normal,1,0.226481,late Quaternary,"<130,000",15,0,US NSHM 2023,trace extended at constant dip,2567,unmodified,
64,Lake Creek - Boundary Creek - Sadie,ForearcIntraarc_WA,WA,,60,N,90,Reverse,1,0.523014,latest Quaternary,"<15,000",15,0,US NSHM 2023,trace extended at constant dip,2804,unmodified,
65,Lava Butte,ForearcIntraarc_OR,OR,,50,SW,-90,Normal,1,0.067232,middle and late Quaternary,"<750,000",15,0,US NSHM 2023,trace extended at constant dip,2568,unmodified,
66,Leech River,ForearcIntraarc_BC,BC,,89,S,29.2,Reverse and Sinistral,1,null,null,null,15,0,"Morell et al. (2017); Harrichhausen, et al. (2021)",trace extended at constant dip,null,null,
67,Likely,Backarc_CA,CA,,90,likely,180,Dextral,1,0.508046,late Quaternary,"<130,000",9.4,0,US NSHM 2023,trace extended at constant dip,143,unmodified,
68,Little Salmon (offshore),AccretionaryWedge_CA_MendocinoTripleJunction,CA,,30,NE,90,Reverse,1,2.218752,null,null,13,0,US NSHM 2023,trace extended at constant dip,146,unmodified,
69,Little Salmon (onshore),AccretionaryWedge_CA_MendocinoTripleJunction,CA,,30,NE,90,Reverse,1,3.102946,latest Quaternary,"<15,000",13,0,US NSHM 2023,trace extended at constant dip,147,unmodified,
70,Lost Man,AccretionaryWedge_CA_MendocinoTripleJunction,CA,,35,NE,90,Reverse,1,0.654176,undifferentiated Quaternary,<1.6 million,15,0,US NSHM 2023,trace extended at constant dip,324,unmodified,
71,Mad River,AccretionaryWedge_CA_MendocinoTripleJunction,CA,,35,NE,90,Reverse,1,0.437424,latest Quaternary,"<15,000",13,0,US NSHM 2023,trace extended at constant dip,157,unmodified,
72,Manastash Ridge,Backarc_WA,WA,,24,S,90,Reverse,1,0.206787,undifferentiated Quaternary,<1.6 million,15,0,US NSHM 2023,trace extended at constant dip,2836,unmodified,
73,Mayfield,ForearcIntraarc_CA,CA,,60,W,-90,Normal,1,0.327933,latest Quaternary,"<15,000",9.6,0,US NSHM 2023,trace extended at constant dip,325,unmodified,
74,McArthur,ForearcIntraarc_CA,CA,,60,W,-90,Normal,1,0.474324,latest Quaternary,"<15,000",15,0,US NSHM 2023,trace extended at constant dip,326,unmodified,
75,McKinleyville,AccretionaryWedge_CA_MendocinoTripleJunction,CA,,35,NE,90,Reverse,1,0.558288,latest Quaternary,"<15,000",13,0,US NSHM 2023,trace extended at constant dip,163,unmodified,
76,Metolius,ForearcIntraarc_OR,OR,,50,SW,-90,Normal,1,0.129502,middle and late Quaternary,"<750,000",15,0,US NSHM 2023,trace extended at constant dip,2522,unmodified,
77,Mount Angel,ForearcIntraarc_OR,OR,,60,NE,90,Reverse,1,0.05584,latest Quaternary,"<15,000",15,0,US NSHM 2023,trace extended at constant dip,2523,unmodified,
78,Olympia,ForearcIntraarc_WA,WA,,60,S,90,Reverse,1,0.116883,undifferentiated Quaternary,<1.6 million,15,0,US NSHM 2023,trace extended at constant dip,2837,unmodified,
79,Paulina Marsh,Backarc_OR,OR,,50,NE,-90,Normal,1,0.348179,latest Quaternary,"<15,000",15,0,US NSHM 2023,trace extended at constant dip,2526,unmodified,
80,Pioneer,ForearcIntraarc_OR,OR,,60,NE,90,Reverse,1,0.588368,late Quaternary,"<130,000",15,0,US NSHM 2023,trace extended at constant dip,2569,unmodified,
81,Pittville,ForearcIntraarc_CA,CA,,60,SW,-90,Normal,1,0.543834,latest Quaternary,"<15,000",8.9,0,US NSHM 2023,trace extended at constant dip,214,unmodified,
82,Pondosa (proxy),ForearcIntraarc_CA,CA,,50,E,-90,Normal,1,0.55899,undifferentiated Quaternary,<1.6 million,15,0,US NSHM 2023,trace extended at constant dip,349,unmodified,
83,Portland Hills (north),ForearcIntraarc_OR,OR,,60,SW,90,Reverse,1,0.113858,middle and late Quaternary,"<750,000",15,0,US NSHM 2023,trace extended at constant dip,2529,unmodified,
84,Portland Hills (south),ForearcIntraarc_OR,OR,,60,SW,90,Reverse,1,0.104438,undifferentiated Quaternary,<1.6 million,15,0,US NSHM 2023,trace extended at constant dip,2570,unmodified,
85,Red Bluff,ForearcIntraarc_CA,CA,,60,N,90,Reverse,1,0.62849,null,null,15,0,US NSHM 2023,trace extended at constant dip,334,unmodified,
86,Rocky Ledge,ForearcIntraarc_CA,CA,,60,E,-90,Normal,1,0.150455,latest Quaternary,"<15,000",9,0,US NSHM 2023,trace extended at constant dip,233,unmodified,
87,Russ,AccretionaryWedge_CA_MendocinoTripleJunction,CA,,71,N,135,Reverse and Dextral,1,0.707199,undifferentiated Quaternary,<1.6 million,20,0,US NSHM 2023,trace extended at constant dip,236,unmodified,
88,Saddle Hill (Langley Hill),ForearcIntraarc_WA,WA,,60,N,90,Reverse,1,0.085216,undifferentiated Quaternary,<1.6 million,15,0,US NSHM 2023,trace extended at constant dip,2838,unmodified,
89,Saddle Mountains,Backarc_WA,WA,,37,S,90,Reverse,1,0.291511,late Quaternary,"<130,000",15,0,US NSHM 2023,trace extended at constant dip,2807,unmodified,
90,Sandy Point,ForearcIntraarc_WA,WA,,60,NE,90,Reverse,1,0.106605,latest Quaternary,"<15,000",15,0,US NSHM 2023,trace extended at constant dip,2839,unmodified,
91,Santa Rosa Range (center),Backarc_OR,OR,,50,W,-90,Normal,1,0.121801,latest Quaternary,"<15,000",15,0,US NSHM 2023,trace extended at constant dip,2572,unmodified,
92,Santa Rosa Range (north),Backarc_OR,OR,,50,W,-90,Normal,1,0.112717,latest Quaternary,"<15,000",15,0,US NSHM 2023,trace extended at constant dip,2531,unmodified,
93,Santa Rosa Range (south),Backarc_OR,OR,,50,W,-90,Normal,1,0.041542,latest Quaternary,"<15,000",15,0,US NSHM 2023,trace extended at constant dip,2573,unmodified,
94,Seattle (east),ForearcIntraarc_WA,WA,,45,S,90,Reverse,1,0.244132,late Quaternary,"<130,000",15,0,US NSHM 2023,trace extended at constant dip,2842,unmodified,
95,Seattle (middle),ForearcIntraarc_WA,WA,,45,S,90,Reverse,1,0.264932,latest Quaternary,"<15,000",15,0,US NSHM 2023,trace extended at constant dip,2881,unmodified,
96,Seattle (north),ForearcIntraarc_WA,WA,,45,S,90,Reverse,1,0.643602,latest Quaternary,"<15,000",15,0,US NSHM 2023,trace extended at constant dip,2882,unmodified,
97,Seattle (south),ForearcIntraarc_WA,WA,,45,S,90,Reverse,1,0.246312,latest Quaternary,"<15,000",15,0,US NSHM 2023,trace extended at constant dip,2880,unmodified,
98,Skinner Flat,ForearcIntraarc_CA,CA,,90,vertical,-135,Normal and Dextral,1,0.067962,late Quaternary,"<130,000",10,0,US NSHM 2023,trace extended at constant dip,282,unmodified,
99,Sky Lakes,ForearcIntraarc_OR,OR,,50,E,-90,Normal,1,0.184374,latest Quaternary,"<15,000",15,0,US NSHM 2023,trace extended at constant dip,2532,unmodified,
100,South Slough,ForearcIntraarc_OR,OR,,60,W,90,Reverse,1,0.356762,latest Quaternary,"<15,000",15,0,US NSHM 2023,trace extended at constant dip,2534,unmodified,
101,Southeast Newberry,Backarc_OR,OR,,50,SW,-90,Normal,1,0.536412,latest Quaternary,"<15,000",15,0,US NSHM 2023,trace extended at constant dip,2533,unmodified,
102,Southern Whidbey Island (middle),ForearcIntraarc_WA,WA,,60,NE,90,Reverse,1,0.149653,latest Quaternary,"<15,000",15,0,US NSHM 2023,trace extended at constant dip,2891,unmodified,
103,Southern Whidbey Island (north),ForearcIntraarc_WA,WA,,60,NE,90,Reverse,1,0.151981,latest Quaternary,"<15,000",15,0,US NSHM 2023,trace extended at constant dip,2892,unmodified,
104,Southern Whidbey Island (south),ForearcIntraarc_WA,WA,,60,NE,90,Reverse,1,0.16162,latest Quaternary,"<15,000",15,0,US NSHM 2023,trace extended at constant dip,2890,unmodified,
105,Southwest Newberry,ForearcIntraarc_OR,OR,,50,NW,-90,Normal,1,0.091474,middle and late Quaternary,"<750,000",15,0,US NSHM 2023,trace extended at constant dip,2576,unmodified,
106,Spencer Canyon,Backarc_WA,WA,,60,NW,90,Reverse,1,0.084432,null,null,15,0,US NSHM 2023,trace extended at constant dip,2843,unmodified,
107,Steens (center),Backarc_OR,OR,NV,50,E,-90,Normal,1,0.344548,latest Quaternary,"<15,000",15,0,US NSHM 2023,trace extended at constant dip,2535,unmodified,
108,Steens (north),Backarc_OR,OR,NV,50,E,-90,Normal,1,0.112876,middle and late Quaternary,"<750,000",15,0,US NSHM 2023,trace extended at constant dip,2574,unmodified,
109,Steens (south),Backarc_OR,OR,NV,50,E,-90,Normal,1,0.268267,latest Quaternary,"<15,000",15,0,US NSHM 2023,trace extended at constant dip,2575,unmodified,
110,Stonewall Anticline,AccretionaryWedge_OR,OR,,60,E,90,Reverse,1,1.220285,latest Quaternary,"<15,000",15,0,US NSHM 2023,trace extended at constant dip,2808,unmodified,
111,Strawberry Point,ForearcIntraarc_WA,WA,,90,vertical,0,Sinistral,1,0.238099,late Quaternary,"<130,000",15,0,US NSHM 2023,trace extended at constant dip,2809,unmodified,
112,Sumpter Valley,Backarc_OR,OR,,50,S,-90,Normal,1,0.121764,middle and late Quaternary,"<750,000",15,0,US NSHM 2023,trace extended at constant dip,2577,unmodified,
113,Surprise Valley,Backarc_CA,CA,,50,E,-90,Normal,1,0.694592,latest Quaternary,"<15,000",8.5,0,US NSHM 2023,trace extended at constant dip,284,unmodified,
114,Surpur Creek,AccretionaryWedge_CA_MendocinoTripleJunction,CA,,35,NE,90,Reverse,1,0.084752,undifferentiated Quaternary,<1.6 million,15,0,US NSHM 2023,trace extended at constant dip,347,unmodified,
115,"Susanville - Eagle Lake (unnamed, proxy)",Backarc_CA,CA,,90,vertical,180,Dextral,1,0.742108,undifferentiated Quaternary,<1.6 million,25,0,US NSHM 2023,trace extended at constant dip,351,unmodified,
116,Sylvain - Oatfield,ForearcIntraarc_OR,OR,,60,E,90,Reverse,1,0.265212,undifferentiated Quaternary,<1.6 million,15,0,US NSHM 2023,trace extended at constant dip,2578,unmodified,
117,Table Bluff,AccretionaryWedge_CA_MendocinoTripleJunction,CA,,45,N,90,Reverse,1,0.76463,late Quaternary,"<130,000",13,0,US NSHM 2023,trace extended at constant dip,286,unmodified,
118,Tacoma,ForearcIntraarc_WA,WA,,60,N,90,Reverse,1,0.245784,latest Quaternary,"<15,000",15,0,US NSHM 2023,trace extended at constant dip,2810,unmodified,
119,Toppenish Ridge (Mill Creek thrust),Backarc_WA,WA,,60,S,90,Reverse,1,0.050233,latest Quaternary,"<15,000",15,0,US NSHM 2023,trace extended at constant dip,2844,unmodified,
120,Trinidad,AccretionaryWedge_CA_MendocinoTripleJunction,CA,,35,NE,90,Reverse,1,1.141164,latest Quaternary,"<15,000",13,0,US NSHM 2023,trace extended at constant dip,291,unmodified,
121,Tule Springs Rims,Backarc_OR,OR,,50,W,-90,Normal,1,0.10766,middle and late Quaternary,"<750,000",15,0,US NSHM 2023,trace extended at constant dip,2536,unmodified,
122,Turner - Mill Creek,ForearcIntraarc_OR,OR,,60,SE,90,Reverse,1,0.287435,undifferentiated Quaternary,<1.6 million,15,0,US NSHM 2023,trace extended at constant dip,2537,unmodified,
123,Twin Lakes - Multorpor Mountain Graben,ForearcIntraarc_OR,OR,,50,W,-90,Normal,1,0.113317,null,null,15,0,US NSHM 2023,trace extended at constant dip,2579,unmodified,
124,Uhtanum Ridge - Gable Mountain,Backarc_WA,WA,,20,S,90,Reverse,1,0.224856,late Quaternary,"<130,000",15,0,US NSHM 2023,trace extended at constant dip,2845,unmodified,
125,Utsalady Point (east),ForearcIntraarc_WA,WA,,90,vertical,0,Sinistral,1,0.117046,latest Quaternary,"<15,000",15,0,US NSHM 2023,trace extended at constant dip,2811,unmodified,
126,Utsalady Point (west),ForearcIntraarc_WA,WA,,60,NE,90,Reverse,1,0.154726,latest Quaternary,"<15,000",15,0,US NSHM 2023,trace extended at constant dip,2847,unmodified,
127,Waldport,ForearcIntraarc_OR,OR,,60,E,90,Reverse,1,0.15722,late Quaternary,"<130,000",15,0,US NSHM 2023,trace extended at constant dip,2538,unmodified,
128,Walker Spring,ForearcIntraarc_CA,CA,,90,vertical,-90,Normal,1,0.046295,late Quaternary,"<130,000",10,0,US NSHM 2023,trace extended at constant dip,294,unmodified,
129,Wallula (northeast),Backarc_WA,WA,OR,60,SW,90,Reverse,1,0.062911,latest Quaternary,"<15,000",15,0,US NSHM 2023,trace extended at constant dip,2806,unmodified,
130,Wallula (southwest),Backarc_WA,OR,WA,60,SW,90,Reverse,1,0.054119,latest Quaternary,"<15,000",15,0,US NSHM 2023,trace extended at constant dip,2581,unmodified,
131,Warm Springs,ForearcIntraarc_OR,OR,,50,E,-90,Normal,1,0.311066,middle and late Quaternary,"<750,000",15,0,US NSHM 2023,trace extended at constant dip,2582,unmodified,
132,Warm Springs Valley,Backarc_CA,NV,CA,90,vertical,180,Dextral,1,1.93516,latest Quaternary,"<15,000",15,0,US NSHM 2023,trace extended at constant dip,1119,unmodified,
133,"Warner Valley (east, center)",Backarc_OR,OR,,50,W,-90,Normal,1,0.128364,latest Quaternary,"<15,000",15,0,US NSHM 2023,trace extended at constant dip,2584,unmodified,
134,"Warner Valley (east, Coleman Valley)",Backarc_OR,NV,OR,50,W,-90,Normal,1,0.135522,undifferentiated Quaternary,<1.6 million,15,0,US NSHM 2023,trace extended at constant dip,1274,unmodified,
135,"Warner Valley (east, north)",Backarc_OR,OR,,50,W,-90,Normal,1,0.115276,latest Quaternary,"<15,000",15,0,US NSHM 2023,trace extended at constant dip,2583,unmodified,
136,"Warner Valley (west, Coleman Valley)",Backarc_OR,OR,NV,50,E,-90,Normal,1,0.134892,undifferentiated Quaternary,<1.6 million,15,0,US NSHM 2023,trace extended at constant dip,1275,unmodified,
137,"Warner Valley (west, north)",Backarc_OR,OR,,50,E,-90,Normal,1,0.171086,undifferentiated Quaternary,<1.6 million,15,0,US NSHM 2023,trace extended at constant dip,2541,unmodified,
138,Warwick,ForearcIntraarc_WA,WA,,90,vertical,180,Dextral,1,0.090928,undifferentiated Quaternary,<1.6 million,15,0,US NSHM 2023,trace extended at constant dip,2848,unmodified,
139,Wecoma,AccretionaryWedge_OR,OR,,90,vertical,0,Sinistral,1,6.581124,latest Quaternary,"<15,000",15,0,US NSHM 2023,trace extended at constant dip,2542,unmodified,
140,West Baker Valley (center),Backarc_OR,OR,,50,NE,-90,Normal,1,0.119046,late Quaternary,"<130,000",15,0,US NSHM 2023,trace extended at constant dip,2586,unmodified,
141,West Baker Valley (southeast),Backarc_OR,OR,,50,NE,-90,Normal,1,0.110404,late Quaternary,"<130,000",15,0,US NSHM 2023,trace extended at constant dip,2587,unmodified,
142,West Grand Ronde Valley,Backarc_OR,OR,,50,E,-90,Normal,1,0.36622,latest Quaternary,"<15,000",15,0,US NSHM 2023,trace extended at constant dip,2588,unmodified,
143,Whaleshead,ForearcIntraarc_OR,OR,,90,vertical,180,Dextral,1,1.086416,late Quaternary,"<130,000",15,0,US NSHM 2023,trace extended at constant dip,2543,unmodified,
144,White Branch,ForearcIntraarc_OR,OR,,50,E,-90,Normal,1,0.135257,middle and late Quaternary,"<750,000",15,0,US NSHM 2023,trace extended at constant dip,2590,unmodified,
145,Willapa Bay (north),ForearcIntraarc_WA,WA,,60,W,90,Reverse,1,0.514421,late Quaternary,"<130,000",15,0,US NSHM 2023,trace extended at constant dip,2849,unmodified,
146,Willapa Bay (south),ForearcIntraarc_WA,WA,,60,W,90,Reverse,1,0.458927,undifferentiated Quaternary,<1.6 million,15,0,US NSHM 2023,trace extended at constant dip,2850,unmodified,
147,Winter Rim,Backarc_OR,OR,,50,E,-90,Normal,1,0.483115,latest Quaternary,"<15,000",15,0,US NSHM 2023,trace extended at constant dip,2544,unmodified,
148,XEOLXELEK-Elk Lake,ForearcIntraarc_BC,BC,WA,45,S,-176.5,Dextral,1,null ,,,15,0,"Harrichhausen, et al. (2023)",trace extended at constant dip,null,null,
149,Yaquina,ForearcIntraarc_OR,OR,,60,N,90,Reverse,1,0.613364,late Quaternary,"<130,000",15,0,US NSHM 2023,trace extended at constant dip,2545,unmodified,
